{"data_time": 0.00539324339479208, "eta_seconds": 85.84022678434849, "iteration": 19, "loss_basis_sem": 0.0865267850458622, "loss_fcos_cls": 1.1193625330924988, "loss_fcos_ctr": 0.6693972647190094, "loss_fcos_loc": 0.4615938067436218, "loss_mask": 0.466772198677063, "lr": 2.2090000000000004e-05, "time": 0.09754571225494146, "total_loss": 2.8002244774252176}
{"data_time": 0.005464568734169006, "eta_seconds": 84.41197946667671, "iteration": 39, "loss_basis_sem": 0.06989376246929169, "loss_fcos_cls": 1.0518210530281067, "loss_fcos_ctr": 0.6650355458259583, "loss_fcos_loc": 0.43246646225452423, "loss_mask": 0.4078747481107712, "lr": 4.4290000000000005e-05, "time": 0.09886229410767555, "total_loss": 2.6465615332126617}
{"data_time": 0.004404524341225624, "eta_seconds": 81.6420565545559, "iteration": 59, "loss_basis_sem": 0.06112612225115299, "loss_fcos_cls": 0.8956568241119385, "loss_fcos_ctr": 0.663671463727951, "loss_fcos_loc": 0.4110545367002487, "loss_mask": 0.38765111565589905, "lr": 6.649000000000001e-05, "time": 0.09678573720157146, "total_loss": 2.3895321702584624}
{"data_time": 0.0043411897495388985, "eta_seconds": 80.33040054142475, "iteration": 79, "loss_basis_sem": 0.04405654035508633, "loss_fcos_cls": 0.7029244899749756, "loss_fcos_ctr": 0.6496759355068207, "loss_fcos_loc": 0.36549240350723267, "loss_mask": 0.3563603609800339, "lr": 8.868999999999999e-05, "time": 0.09882060158997774, "total_loss": 2.1405472196638584}
{"data_time": 0.004557007923722267, "eta_seconds": 78.68600338697433, "iteration": 99, "loss_basis_sem": 0.03893064893782139, "loss_fcos_cls": 0.6102211773395538, "loss_fcos_ctr": 0.6496506929397583, "loss_fcos_loc": 0.3476991206407547, "loss_mask": 0.3127437233924866, "lr": 0.00011089, "time": 0.09928279928863049, "total_loss": 1.9620038717985153}
{"data_time": 0.004705801606178284, "eta_seconds": 76.00607061758637, "iteration": 119, "loss_basis_sem": 0.037397898733615875, "loss_fcos_cls": 0.5533589720726013, "loss_fcos_ctr": 0.6448390185832977, "loss_fcos_loc": 0.3317283093929291, "loss_mask": 0.3136835992336273, "lr": 0.00013309, "time": 0.09454671945422888, "total_loss": 1.900514006614685}
{"data_time": 0.005564101971685886, "eta_seconds": 74.0697916969657, "iteration": 139, "loss_basis_sem": 0.027096344158053398, "loss_fcos_cls": 0.4962412863969803, "loss_fcos_ctr": 0.6346222758293152, "loss_fcos_loc": 0.319630965590477, "loss_mask": 0.3093267232179642, "lr": 0.00015528999999999999, "time": 0.09785465337336063, "total_loss": 1.7967567360028625}
{"data_time": 0.005729948170483112, "eta_seconds": 72.27752711623907, "iteration": 159, "loss_basis_sem": 0.02876361273229122, "loss_fcos_cls": 0.4100443422794342, "loss_fcos_ctr": 0.6442463397979736, "loss_fcos_loc": 0.34058648347854614, "loss_mask": 0.26925061643123627, "lr": 0.00017749, "time": 0.10265333857387304, "total_loss": 1.7041133320890367}
{"data_time": 0.004932526499032974, "eta_seconds": 69.95236985385418, "iteration": 179, "loss_basis_sem": 0.02440996840596199, "loss_fcos_cls": 0.38848787546157837, "loss_fcos_ctr": 0.6494082808494568, "loss_fcos_loc": 0.32229049503803253, "loss_mask": 0.2866535037755966, "lr": 0.00019969, "time": 0.09230360202491283, "total_loss": 1.6706228265538812}
{"data_time": 0.004303439520299435, "eta_seconds": 67.69271763041615, "iteration": 199, "loss_basis_sem": 0.02633851394057274, "loss_fcos_cls": 0.3676476627588272, "loss_fcos_ctr": 0.6458162665367126, "loss_fcos_loc": 0.32067279517650604, "loss_mask": 0.2532610297203064, "lr": 0.00022189, "time": 0.0915133198723197, "total_loss": 1.628548844717443}
{"data_time": 0.00488772988319397, "eta_seconds": 65.72449754923582, "iteration": 219, "loss_basis_sem": 0.017057286575436592, "loss_fcos_cls": 0.3310442268848419, "loss_fcos_ctr": 0.6318590044975281, "loss_fcos_loc": 0.31714968383312225, "loss_mask": 0.29450298845767975, "lr": 0.00024409, "time": 0.09551172330975533, "total_loss": 1.6307150702923536}
{"data_time": 0.00534561462700367, "eta_seconds": 63.90960479155183, "iteration": 239, "loss_basis_sem": 0.01913640648126602, "loss_fcos_cls": 0.3315606266260147, "loss_fcos_ctr": 0.6351282000541687, "loss_fcos_loc": 0.2977190613746643, "loss_mask": 0.25503093004226685, "lr": 0.00026629, "time": 0.10117418598383665, "total_loss": 1.5523901702836156}
{"data_time": 0.00437732320278883, "eta_seconds": 62.20414996147156, "iteration": 259, "loss_basis_sem": 0.017396848648786545, "loss_fcos_cls": 0.3365243077278137, "loss_fcos_ctr": 0.6343385279178619, "loss_fcos_loc": 0.29939498007297516, "loss_mask": 0.2530253231525421, "lr": 0.00028849, "time": 0.09932186268270016, "total_loss": 1.51251879055053}
{"data_time": 0.004337680526077747, "eta_seconds": 60.199430994689465, "iteration": 279, "loss_basis_sem": 0.018433631397783756, "loss_fcos_cls": 0.32249003648757935, "loss_fcos_ctr": 0.6421699225902557, "loss_fcos_loc": 0.3182755261659622, "loss_mask": 0.2727353721857071, "lr": 0.00031069, "time": 0.09623449668288231, "total_loss": 1.5781950745731592}
{"data_time": 0.004256091080605984, "eta_seconds": 58.306991681456566, "iteration": 299, "loss_basis_sem": 0.017796432599425316, "loss_fcos_cls": 0.331474706530571, "loss_fcos_ctr": 0.6398926675319672, "loss_fcos_loc": 0.30221298336982727, "loss_mask": 0.2546357363462448, "lr": 0.00033288999999999997, "time": 0.0979009298607707, "total_loss": 1.5553220971487463}
{"data_time": 0.004088596440851688, "eta_seconds": 56.383316945284605, "iteration": 319, "loss_basis_sem": 0.017579926177859306, "loss_fcos_cls": 0.3251738101243973, "loss_fcos_ctr": 0.6309424042701721, "loss_fcos_loc": 0.2938818335533142, "loss_mask": 0.2562224864959717, "lr": 0.00035509, "time": 0.0977447098121047, "total_loss": 1.5322007108479738}
{"data_time": 0.004306956194341183, "eta_seconds": 54.46311078965664, "iteration": 339, "loss_basis_sem": 0.013844395987689495, "loss_fcos_cls": 0.3348398953676224, "loss_fcos_ctr": 0.6366479098796844, "loss_fcos_loc": 0.29791538417339325, "loss_mask": 0.24886690825223923, "lr": 0.00037728999999999996, "time": 0.09803914092481136, "total_loss": 1.5503298733383417}
{"data_time": 0.004309952259063721, "eta_seconds": 52.517999690026045, "iteration": 359, "loss_basis_sem": 0.01440449059009552, "loss_fcos_cls": 0.3309015780687332, "loss_fcos_ctr": 0.6343297064304352, "loss_fcos_loc": 0.3050549626350403, "loss_mask": 0.2652426064014435, "lr": 0.00039949, "time": 0.0967005668208003, "total_loss": 1.5265474212355912}
{"data_time": 0.004313893616199493, "eta_seconds": 50.56411039084196, "iteration": 379, "loss_basis_sem": 0.015598786529153585, "loss_fcos_cls": 0.32580509781837463, "loss_fcos_ctr": 0.6310612261295319, "loss_fcos_loc": 0.27139294147491455, "loss_mask": 0.242405965924263, "lr": 0.00042169, "time": 0.0964383278042078, "total_loss": 1.4952623704448342}
{"data_time": 0.004307477734982967, "eta_seconds": 48.61056013032794, "iteration": 399, "loss_basis_sem": 0.014062752481549978, "loss_fcos_cls": 0.3133889138698578, "loss_fcos_ctr": 0.6355648934841156, "loss_fcos_loc": 0.2942284643650055, "loss_mask": 0.2481064423918724, "lr": 0.00044389, "time": 0.09672919195145369, "total_loss": 1.4937173340003937}
{"data_time": 0.004291958175599575, "eta_seconds": 46.662055402994156, "iteration": 419, "loss_basis_sem": 0.010321625042706728, "loss_fcos_cls": 0.2859479784965515, "loss_fcos_ctr": 0.6298666596412659, "loss_fcos_loc": 0.2946605384349823, "loss_mask": 0.22876925021409988, "lr": 0.00046609, "time": 0.0971325309947133, "total_loss": 1.4854314937256277}
{"data_time": 0.004173686727881432, "eta_seconds": 44.70202695578337, "iteration": 439, "loss_basis_sem": 0.013702453579753637, "loss_fcos_cls": 0.28312304615974426, "loss_fcos_ctr": 0.6321970522403717, "loss_fcos_loc": 0.28360943496227264, "loss_mask": 0.2514416575431824, "lr": 0.0004882900000000001, "time": 0.09555867966264486, "total_loss": 1.472543376032263}
{"data_time": 0.004370833747088909, "eta_seconds": 42.70578924566507, "iteration": 459, "loss_basis_sem": 0.012076782062649727,