{"data_time": 0.03745836205780506, "eta_seconds": 323.7077894061804, "iteration": 19, "loss_fcos_cls": 1.0430946350097656, "loss_fcos_ctr": 0.6757385730743408, "loss_fcos_loc": 0.4684757739305496, "loss_mask": 0.9922634363174438, "lr": 0.00022090000000000003, "time": 0.36784976068884134, "total_loss": 3.174291893839836}
{"data_time": 0.03128691390156746, "eta_seconds": 298.2042971998453, "iteration": 39, "loss_fcos_cls": 0.6436770558357239, "loss_fcos_ctr": 0.6580645740032196, "loss_fcos_loc": 0.3931247144937515, "loss_mask": 0.9927811622619629, "lr": 0.00044290000000000003, "time": 0.33784582559019327, "total_loss": 2.677685722708702}
{"data_time": 0.031386857852339745, "eta_seconds": 296.5632517263293, "iteration": 59, "loss_fcos_cls": 0.4451189488172531, "loss_fcos_ctr": 0.6456395983695984, "loss_fcos_loc": 0.3408486247062683, "loss_mask": 0.9931984543800354, "lr": 0.0006649000000000001, "time": 0.360065795481205, "total_loss": 2.4394383281469345}
{"data_time": 0.03172110486775637, "eta_seconds": 287.33113100752234, "iteration": 79, "loss_fcos_cls": 0.35611042380332947, "loss_fcos_ctr": 0.6414732933044434, "loss_fcos_loc": 0.32308781147003174, "loss_mask": 0.9912031590938568, "lr": 0.0008868999999999999, "time": 0.3461556416004896, "total_loss": 2.3203218579292297}
{"data_time": 0.02585351374000311, "eta_seconds": 277.89801582694054, "iteration": 99, "loss_fcos_cls": 0.3348272144794464, "loss_fcos_ctr": 0.6399483382701874, "loss_fcos_loc": 0.31725360453128815, "loss_mask": 0.9920354783535004, "lr": 0.0011089000000000001, "time": 0.3376980684697628, "total_loss": 2.283221498131752}
{"data_time": 0.028874359093606472, "eta_seconds": 270.74794985353947, "iteration": 119, "loss_fcos_cls": 0.30761441588401794, "loss_fcos_ctr": 0.6370258331298828, "loss_fcos_loc": 0.29949793219566345, "loss_mask": 0.9917990267276764, "lr": 0.0013308999999999999, "time": 0.3437958136200905, "total_loss": 2.2494125813245773}
{"data_time": 0.02597092930227518, "eta_seconds": 264.3053435906768, "iteration": 139, "loss_fcos_cls": 0.3096620589494705, "loss_fcos_ctr": 0.6357403993606567, "loss_fcos_loc": 0.2928023189306259, "loss_mask": 0.9902537763118744, "lr": 0.0015528999999999999, "time": 0.34894707798957825, "total_loss": 2.2315441370010376}
{"data_time": 0.032871135510504246, "eta_seconds": 257.8824096173048, "iteration": 159, "loss_fcos_cls": 0.31487666070461273, "loss_fcos_ctr": 0.633558452129364, "loss_fcos_loc": 0.28915753960609436, "loss_mask": 0.9878689348697662, "lr": 0.0017749, "time": 0.3530263062566519, "total_loss": 2.210032746195793}
{"data_time": 0.03922612685710192, "eta_seconds": 252.62213878333569, "iteration": 179, "loss_fcos_cls": 0.28762422502040863, "loss_fcos_ctr": 0.637425571680069, "loss_fcos_loc": 0.29338952898979187, "loss_mask": 0.982979416847229, "lr": 0.0019969000000000002, "time": 0.3640711698681116, "total_loss": 2.204482316970825}
{"data_time": 0.0315250875428319, "eta_seconds": 245.7910269498825, "iteration": 199, "loss_fcos_cls": 0.2826916575431824, "loss_fcos_ctr": 0.6341055035591125, "loss_fcos_loc": 0.2839125394821167, "loss_mask": 0.9667697250843048, "lr": 0.0022189, "time": 0.3542871978133917, "total_loss": 2.1642182022333145}
{"data_time": 0.03198453597724438, "eta_seconds": 238.76842617988586, "iteration": 219, "loss_fcos_cls": 0.31088900566101074, "loss_fcos_ctr": 0.6346277892589569, "loss_fcos_loc": 0.29263126850128174, "loss_mask": 0.8565446138381958, "lr": 0.0024409, "time": 0.3503693686798215, "total_loss": 2.0784830302000046}
{"data_time": 0.032425410114228725, "eta_seconds": 231.31151413545012, "iteration": 239, "loss_fcos_cls": 0.29214683175086975, "loss_fcos_ctr": 0.6333657801151276, "loss_fcos_loc": 0.28904129564762115, "loss_mask": 0.37709203362464905, "lr": 0.0026628999999999997, "time": 0.34474661480635405, "total_loss": 1.6315486133098602}
{"data_time": 0.02956004999577999, "eta_seconds": 224.00174736976624, "iteration": 259, "loss_fcos_cls": 0.2774359881877899, "loss_fcos_ctr": 0.6317673921585083, "loss_fcos_loc": 0.2825355678796768, "loss_mask": 0.3257346451282501, "lr": 0.0028849, "time": 0.34782802034169436, "total_loss": 1.52555812895298}
{"data_time": 0.028726843185722828, "eta_seconds": 215.96188118681312, "iteration": 279, "loss_fcos_cls": 0.26908083260059357, "loss_fcos_ctr": 0.6301065981388092, "loss_fcos_loc": 0.27060939371585846, "loss_mask": 0.27592045068740845, "lr": 0.0031069, "time": 0.3319615051150322, "total_loss": 1.4350774437189102}
{"data_time": 0.0329282907769084, "eta_seconds": 209.49482023715973, "iteration": 299, "loss_fcos_cls": 0.2534048408269882, "loss_fcos_ctr": 0.6268825531005859, "loss_fcos_loc": 0.2780512571334839, "loss_mask": 0.26367074251174927, "lr": 0.0033288999999999997, "time": 0.355517883785069, "total_loss": 1.4434085339307785}
{"data_time": 0.032136399298906326, "eta_seconds": 202.18445226550102, "iteration": 319, "loss_fcos_cls": 0.25813138484954834, "loss_fcos_ctr": 0.6313522458076477, "loss_fcos_loc": 0.2712208926677704, "loss_mask": 0.2617858052253723, "lr": 0.0035509, "time": 0.34501906018704176, "total_loss": 1.4136784747242928}
{"data_time": 0.02951795794069767, "eta_seconds": 194.974617511034, "iteration": 339, "loss_fcos_cls": 0.24377422034740448, "loss_fcos_ctr": 0.6290028095245361, "loss_fcos_loc": 0.2729613184928894, "loss_mask": 0.23824533075094223, "lr": 0.0037728999999999996, "time": 0.3394280606880784, "total_loss": 1.3851274251937866}
{"data_time": 0.03403885941952467, "eta_seconds": 188.24870735406876, "iteration": 359, "loss_fcos_cls": 0.2521633207798004, "loss_fcos_ctr": 0.6261096298694611, "loss_fcos_loc": 0.2781549394130707, "loss_mask": 0.2382282391190529, "lr": 0.0039949, "time": 0.36257485393434763, "total_loss": 1.4055582284927368}
{"data_time": 0.028457256965339184, "eta_seconds": 181.30951832979918, "iteration": 379, "loss_fcos_cls": 0.2413313090801239, "loss_fcos_ctr": 0.6279947757720947, "loss_fcos_loc": 0.2679894417524338, "loss_mask": 0.2241763323545456, "lr": 0.0042169, "time": 0.35029832646250725, "total_loss": 1.3555137515068054}
{"data_time": 0.030900100246071815, "eta_seconds": 174.80940278619528, "iteration": 399, "loss_fcos_cls": 0.24737856537103653, "loss_fcos_ctr": 0.628152072429657, "loss_fcos_loc": 0.2658725380897522, "loss_mask": 0.23010310530662537, "lr": 0.0044389, "time": 0.3579793553799391, "total_loss": 1.3710895851254463}
{"data_time": 0.03421222511678934, "eta_seconds": 168.25693935155869, "iteration": 419, "loss_fcos_cls": 0.2575135678052902, "loss_fcos_ctr": 0.6293571591377258, "loss_fcos_loc": 0.2609565705060959, "loss_mask": 0.2319895103573799, "lr": 0.0046609, "time": 0.35890737920999527, "total_loss": 1.3881988003849983}
{"data_time": 0.03328844904899597, "eta_seconds": 161.12751772627234, "iteration": 439, "loss_fcos_cls": 0.25290314853191376, "loss_fcos_ctr": 0.629071980714798, "loss_fcos_loc": 0.2564331591129303, "loss_mask": 0.22467391937971115, "lr": 0.0048829, "time": 0.3484025942161679, "total_loss": 1.3808742314577103}
{"data_time": 0.030012627132236958, "eta_seconds": 153.83227445185184, "iteration": 459, "loss_fcos_cls": 0.25367845594882965, "loss_fcos_ctr": 0.6226017773151398, "loss_fcos_loc": 0.2541223019361496, "loss_mask": 0.21746746450662613, "lr": 0.0051049, "time": 0.3462673360481858, "total_loss": 1.355991207063198}
{"data_time": 0.03483136463910341, "eta_seconds": 146.97806423529983, "iteration": 479, "loss_fcos_cls": 0.23301208019256592, "loss_fcos_ctr": 0.6242424845695496, "loss_fcos_loc": 0.25027604401111603, "loss_mask": 0.21613402664661407, "lr": 0.0053269, "time": 0.36041947826743126, "total_loss": 1.3332482352852821}
{"data_time": 0.034803617745637894, "eta_seconds": 140.06358198821545, "iteration": 499, "loss_fcos_cls": 0.230818971991539, "loss_fcos_ctr": 0.6243870556354523, "loss_fcos_loc": 0.25821205973625183, "loss_mask": 0.21547167748212814, "lr": 0.0055489, "time": 0.3531094351783395, "total_loss": 1.3159845024347305}
{"data_time": 0.03189351595938206, "eta_seconds": 133.1053407303989,